id,createdAt,description,driveUrl,folderId,isActive,name,sortOrder,thumbnailUrl,updatedAt,library_videos
cmnm12gjx0000lb04nevuvvqm,2026-04-05T17:20:54.094Z,,https://drive.google.com/drive/mobile/folders/12aU0lbBbMclc61GbYGbJ2s3zjTNCKA6F?utm_source=sp_auto_dm&utm_referrer=sp_auto_dm&fbclid=PAT01DUAPRcsBleHRuA2FlbQIxMABzcnRjBmFwcF9pZA81NjcwNjczNDMzNTI0MjcAAadMu_BChE8pSkw_LyUXlvb60RkjyLwKcGoFrPDo1j1fQg9ohVD7xwbOsBfQYA_aem_NClsaJoIEBc8Uhi4GXfZXw,12aU0lbBbMclc61GbYGbJ2s3zjTNCKA6F,true,Premanand ji maharaj (devotional),0,https://pub-606bcbc8bfcd4567a4bfb2275f2a6465.r2.dev/admin/category-thumbnails/1776009759114-grok-image-5435aeef-2bf6-454d-8339-6cb970d0c0c1.png,2026-04-12T16:02:45.027Z,
cmnn3i3js0000l204fhzwxr59,2026-04-06T11:16:49.145Z,,https://drive.google.com/drive/mobile/folders/1dHDKZe6HIDnDpX4jXMfow3VEXYxRJgY5?usp=drive_link&utm_source=sp_auto_dm&utm_referrer=sp_auto_dm&fbclid=PAT01DUAQ_feZleHRuA2FlbQIxMABzcnRjBmFwcF9pZA81NjcwNjczNDMzNTI0MjcAAadsdcd4dCDer1Lf4SkReP6OoFu7qqScugXemargl4HLQW4egD4V54pTZjNliA_aem_xR1rDLccUNJPrdWL_N1YeA,1dHDKZe6HIDnDpX4jXMfow3VEXYxRJgY5,true,Cartoon videos,0,https://pub-606bcbc8bfcd4567a4bfb2275f2a6465.r2.dev/admin/category-thumbnails/1776009495875-grok-image-c9ef6b58-ef99-48fc-82fe-1eb6994a9951.png,2026-04-12T15:58:20.258Z,
cmnn9km2k0000jm04xf6i0dex,2026-04-06T14:06:44.156Z,,https://drive.google.com/drive/mobile/folders/19ZOdWVrqXqH3G_RGIVDKIQ_THtAv3zao?utm_source=sp_auto_dm&fbclid=PAT01DUAQ_cDVleHRuA2FlbQIxMABzcnRjBmFwcF9pZA81NjcwNjczNDMzNTI0MjcAAaeC9XG_3opgni_L3YS3DJjxQtAzw06FsZna3r65uz76TEiFtD2IEtP9br4F2Q_aem_x1osBw4AODYAKRM3ZK2Pjw,19ZOdWVrqXqH3G_RGIVDKIQ_THtAv3zao,true,Cricket videos,0,https://pub-606bcbc8bfcd4567a4bfb2275f2a6465.r2.dev/admin/category-thumbnails/1776004294096-grok-image-cd5a5215-5dc5-4137-97af-bcb545afe34b.png,2026-04-12T14:31:38.775Z,
cmnn9s5wp0001kz04pdbj8ofh,2026-04-06T14:12:36.457Z,,https://drive.google.com/drive/mobile/folders/1UVfXJVU-cswjRoV1MxuBtPdoDEb5m6rr?utm_source=sp_auto_dm&utm_referrer=sp_auto_dm&fbclid=PAT01DUAQ_zLlleHRuA2FlbQIxMABzcnRjBmFwcF9pZA81NjcwNjczNDMzNTI0MjcAAaepkY3y5IoKhcFcdSMW3VS15_7qBQXDtlLcqPqSftKyrkLorio_lfbUB2B-Iw_aem_WpCekMPbCKllIJ6bbdGj-g,1UVfXJVU-cswjRoV1MxuBtPdoDEb5m6rr,true,Health Videos,0,https://pub-606bcbc8bfcd4567a4bfb2275f2a6465.r2.dev/admin/category-thumbnails/1776004422341-grok-image-96df749f-d814-4435-be63-dae4cb48c660.png,2026-04-12T14:33:50.786Z,
cmnn9t6w60026kz04vmu9tru8,2026-04-06T14:13:24.391Z,,https://drive.google.com/drive/mobile/folders/1fS_qaVAubPNKODfsIrlh1DvHTRFiO0ZD?usp=sharing&utm_source=sp_auto_dm&fbclid=PAT01DUARAEHxleHRuA2FlbQIxMABzcnRjBmFwcF9pZA81NjcwNjczNDMzNTI0MjcAAacT3o0CNR6ZzIC61jL6da-xZgDmxGZAZC9wrWqJm25avMe60NAQ84hQSzWcTA_aem_ApqM6BapcT2PIUSFNMKCJA,1fS_qaVAubPNKODfsIrlh1DvHTRFiO0ZD,true,Reporting vlogs,0,https://pub-606bcbc8bfcd4567a4bfb2275f2a6465.r2.dev/admin/category-thumbnails/1776004615371-grok-image-169119e1-28df-45c9-b8fd-467f0654ca02.png,2026-04-12T14:37:01.069Z,
cmnnaig0p0000lb046u2mok1o,2026-04-06T14:33:02.617Z,,https://drive.google.com/drive/folders/1OztyF42rnSi_P1F1XdT78JoyBLFr5W7M,1OztyF42rnSi_P1F1XdT78JoyBLFr5W7M,true,2D Funny Animation Videos,0,https://pub-606bcbc8bfcd4567a4bfb2275f2a6465.r2.dev/admin/category-thumbnails/1776009408700-grok-image-1567df8f-8de5-4c38-8e76-1f19fb2039a6.png,2026-04-12T15:56:53.218Z,
cmnnao7s500t9lb045hwxddr5,2026-04-06T14:37:31.877Z,,https://drive.google.com/drive/folders/1C2es7ujnrFvas4_b8eYJP6DmAkpwAxMj,1C2es7ujnrFvas4_b8eYJP6DmAkpwAxMj,true,Viral reels video,0,https://pub-606bcbc8bfcd4567a4bfb2275f2a6465.r2.dev/admin/category-thumbnails/1776004830466-grok-image-183098e8-579e-42af-9d2f-2120924bfe97.png,2026-04-12T14:40:36.148Z,
cmnnaquxm016olb04iqwkyqtg,2026-04-06T14:39:35.194Z,,https://drive.google.com/drive/folders/1Hyk3ZH2l3_3JQYFvzWiuEuND4_gYg7Pv,1Hyk3ZH2l3_3JQYFvzWiuEuND4_gYg7Pv,true,Shin Chan Videos,0,https://pub-606bcbc8bfcd4567a4bfb2275f2a6465.r2.dev/admin/category-thumbnails/1776004035680-grok-image-339bce6b-cdaf-4565-bfb8-79d8ac0b4977.png,2026-04-12T14:27:24.407Z,
cmnnaszcc01h9lb046kjugy0o,2026-04-06T14:41:14.220Z,,https://drive.google.com/drive/folders/13DYmOOCGU5yrk3loYHwcwjXsyCTUVwLI,13DYmOOCGU5yrk3loYHwcwjXsyCTUVwLI,true,Motivational Reels Videos,0,https://pub-606bcbc8bfcd4567a4bfb2275f2a6465.r2.dev/admin/category-thumbnails/1776009605643-grok-image-091ab489-e692-48e5-8f08-cf3e192526f3.png,2026-04-12T16:00:10.858Z,
cmnnav0kd01q9lb04x2l6171g,2026-04-06T14:42:49.118Z,,https://drive.google.com/drive/folders/1h5q_Bd1OoD4dAeZVtNUoqRzkq-V9DTke,1h5q_Bd1OoD4dAeZVtNUoqRzkq-V9DTke,true,Viral Reels videos,0,https://pub-606bcbc8bfcd4567a4bfb2275f2a6465.r2.dev/admin/category-thumbnails/1776004771076-grok-image-f88ba3a6-5e4f-42c2-b875-00f2232720ae.png,2026-04-12T14:39:36.293Z,
cmnnb3afc026qlb04dk0upuqn,2026-04-06T14:49:15.144Z,,https://drive.google.com/drive/folders/1YxhudhVJ_1GW4pvATgJGuzzyaxNPR5mU,1YxhudhVJ_1GW4pvATgJGuzzyaxNPR5mU,true,Hindu Santan Reels,0,https://pub-606bcbc8bfcd4567a4bfb2275f2a6465.r2.dev/admin/category-thumbnails/1776004148242-grok-image-1e2d6a84-d19c-4964-b509-2127e4e91801__1_.png,2026-04-12T14:29:13.963Z,
cmnsekonn0000jp042hlrd4yh,2026-04-10T04:25:36.467Z,,https://drive.google.com/drive/mobile/folders/1qMEzJzKigjtiDqJ2aRohSfmMT8gpOsEU?usp=drive_link&fbclid=PAT01DUARDVBRleHRuA2FlbQIxMABzcnRjBmFwcF9pZA81NjcwNjczNDMzNTI0MjcAAae7VVCf23eKvDYbsTeV83IMhXio4oaMRWUt7rKz59B4teT7-iCmmTG3kd2v6Q_aem_uFDwkg4-YA_-ZZt4F2oHIA,1qMEzJzKigjtiDqJ2aRohSfmMT8gpOsEU,true,Baby Dancing video,0,https://pub-606bcbc8bfcd4567a4bfb2275f2a6465.r2.dev/admin/category-thumbnails/1776010320110-grok-image-d9e84d81-c8ed-4bc0-a4be-b6b9fa810d92.png,2026-04-12T16:12:05.461Z,
cmnwp0g250000jp04fex5lxwm,2026-04-13T04:28:52.685Z,,https://drive.google.com/drive/folders/1n5byPHY4N4FW8j5J4aJYEK0ywzgFbEFM,1n5byPHY4N4FW8j5J4aJYEK0ywzgFbEFM,true,SUPERHEROES REELS BUNDLE,0,https://pub-606bcbc8bfcd4567a4bfb2275f2a6465.r2.dev/admin/category-thumbnails/1776061448005-grok-image-c6159ad2-578d-4de6-b794-cf480cb53988.png,2026-04-13T06:24:11.994Z,
cmnwp126q0015jp04tefiiw5b,2026-04-13T04:29:21.362Z,,https://drive.google.com/drive/folders/1z57u3QvY5BE5uZWQ4UA5x5HPXX0vQ4TE,1z57u3QvY5BE5uZWQ4UA5x5HPXX0vQ4TE,true,NATURE REELS BUNDLE,0,https://pub-606bcbc8bfcd4567a4bfb2275f2a6465.r2.dev/admin/category-thumbnails/1776061279428-grok-image-7c1b0ed6-c22e-4197-b668-f23ff19cdd57.png,2026-04-13T06:21:23.946Z,
cmnwp3l0m00gijp04grysl4lq,2026-04-13T04:31:19.078Z,,https://drive.google.com/drive/folders/1UWRU6AtXQtpug36uWv4KXGw74D9UBRrb,1UWRU6AtXQtpug36uWv4KXGw74D9UBRrb,true,TRAVEL REELS BUNDLE,0,https://pub-606bcbc8bfcd4567a4bfb2275f2a6465.r2.dev/admin/category-thumbnails/1776061827905-grok-image-67eb57ea-dc0c-4be2-9fee-17d6a471781c.png,2026-04-13T06:30:33.369Z,
cmnwp46ff00jljp04e3v4ymuy,2026-04-13T04:31:44.831Z,,https://drive.google.com/drive/folders/1jHPbeJdDEfo4DrW2KOxNgTphQhbSim6x,1jHPbeJdDEfo4DrW2KOxNgTphQhbSim6x,true,LOFI SONGS REELS,0,https://pub-606bcbc8bfcd4567a4bfb2275f2a6465.r2.dev/admin/category-thumbnails/1776061598270-grok-image-c7e43432-174b-4dc3-9c2c-9b021a89ffc2.png,2026-04-13T06:26:42.583Z,
cmnwpa2q00000jv046itzoy2j,2026-04-13T04:36:21.960Z,,https://drive.google.com/drive/folders/1I1k5ITIbPLElrMPia6P1Ns-g-BMlxqeB,1I1k5ITIbPLElrMPia6P1Ns-g-BMlxqeB,true,AI HINDI KAHANI REELS,0,https://pub-606bcbc8bfcd4567a4bfb2275f2a6465.r2.dev/admin/category-thumbnails/1776061085490-grok-image-365ce99b-0085-4254-9064-66569094dda9.png,2026-04-13T06:18:09.460Z,
cmnwpfeys009pjv04husgsayi,2026-04-13T04:40:31.109Z,,https://drive.google.com/drive/folders/1d3nz5s_qdCtuP_W_A5pEdWLkV7Gw2Vzs,1d3nz5s_qdCtuP_W_A5pEdWLkV7Gw2Vzs,true, CARS REELS BUNDLE,0,https://pub-606bcbc8bfcd4567a4bfb2275f2a6465.r2.dev/admin/category-thumbnails/1776061369451-grok-image-dda3abd3-e57f-42f1-b3a8-e13e670d9f07.png,2026-04-13T06:22:54.020Z,
cmnwqktcg0000js0410oynbfl,2026-04-13T05:12:42.641Z,,https://drive.google.com/drive/folders/1g8I-JThUxY7aiJNklMmFuDLi14Uu1X95,1g8I-JThUxY7aiJNklMmFuDLi14Uu1X95,true,AI DOCTOR REELS,0,https://pub-606bcbc8bfcd4567a4bfb2275f2a6465.r2.dev/admin/category-thumbnails/1776061671318-grok-image-ea237f3e-28a5-4079-bf5f-ef29616f13dc.png,2026-04-13T06:27:55.826Z,
cmnwqsdeb0000jv04mszqv47h,2026-04-13T05:18:35.219Z,,https://drive.google.com/drive/folders/1QREdguUC-VAZ-Me_kPbbJ1u3xjc-jf6K,1QREdguUC-VAZ-Me_kPbbJ1u3xjc-jf6K,true,Funny REELS,0,https://pub-606bcbc8bfcd4567a4bfb2275f2a6465.r2.dev/admin/category-thumbnails/1776060905608-grok-image-944cd2aa-8ad6-42af-80d7-27f4e9b4f027.png,2026-04-13T06:15:18.376Z,
cmnwr0q5y0000jv041s2wlqf4,2026-04-13T05:25:05.014Z,,https://drive.google.com/drive/folders/1jzhyjsiKPRWJSZZSsasz4qq8Kq9qapV5,1jzhyjsiKPRWJSZZSsasz4qq8Kq9qapV5,true,SATISFYING REELS,0,https://pub-606bcbc8bfcd4567a4bfb2275f2a6465.r2.dev/admin/category-thumbnails/1776061267118-grok-image-91d2415a-9ac7-4983-9f71-aef54c172482.png,2026-04-13T06:21:10.917Z,
cmnwr8mi30000l704z1sp5uft,2026-04-13T05:31:13.515Z,,https://drive.google.com/drive/folders/1gkr0RrKbrz5yXGqBmWkbCu4L5PbFSam3,1gkr0RrKbrz5yXGqBmWkbCu4L5PbFSam3,true,WOOD WORK REELS,0,https://pub-606bcbc8bfcd4567a4bfb2275f2a6465.r2.dev/admin/category-thumbnails/1776061811728-grok-image-27a8afb7-6651-476d-977a-2378c5caf77a.png,2026-04-13T06:30:16.317Z,
cmnwsc57c0000jo04uborrdf3,2026-04-13T06:01:57.336Z,,https://drive.google.com/drive/folders/1WonooF1nCX4aPtSpHjr_fpichdMOzTA8,1WonooF1nCX4aPtSpHjr_fpichdMOzTA8,true,MONEY MOTIVATION REELS,0,https://pub-606bcbc8bfcd4567a4bfb2275f2a6465.r2.dev/admin/category-thumbnails/1776061008024-grok-image-9225b73d-9385-4aee-a923-aaf3f22fd8be.png,2026-04-13T06:16:52.309Z,
cmnwsklrc0001js045333m6it,2026-04-13T06:08:32.040Z,,https://drive.google.com/drive/u/0/folders/1DjdewGSUAiQiNq87wAmUTwIiElQMdMUi?fbclid=PAb21jcARJURVleHRuA2FlbQIxMABzcnRjBmFwcF9pZA81NjcwNjczNDMzNTI0MjcAAae1QhxLFIU5un9e3bru6xPSRcq638-oWn5KYf02_E-pmRbXHdvCuWYVwM4a7A_aem_M-ZG3IZs0zTSRNjPN0bPwQ&utm_referrer=sp_auto_dm,1DjdewGSUAiQiNq87wAmUTwIiElQMdMUi,true,IPL Reels,0,https://pub-606bcbc8bfcd4567a4bfb2275f2a6465.r2.dev/admin/category-thumbnails/1776061517320-grok-image-86f9056c-e4a6-43fd-8597-9d2e00ee4e8e.png,2026-04-13T06:25:21.448Z,